,Vs,Fair,ρdv,Rs,R-square,SSE,A,B,xr
BKC front auto,21.266406492646805,0.6694637720714414,0.00019638875383515674,190.0,0.9364392287810553,0.09762774337723837,29.073855244245454,14.837604328431203,5.0
BKC back auto,53.07045460832527,0.46082180615902,0.0004900894022503507,142.5,0.8748080764722881,0.03618425507805262,16.116625052093898,36.040303072216844,4.656565656565656
BKC front manual,18.424927459937596,0.005674097843582847,0.00017014856480860742,312.5,0.9567727597945814,1.0196879449508167e-05,0.43330429382497837,12.94328497329173,4.6767676767676765
BKC back manual,17.755145219422364,0.018608012294418323,0.00016396333085282898,220.0,0.909413859755367,0.00015908860453685882,0.9357171896621786,12.49676347961491,5.0
